subreddit,created_utc,subscribers,description,over18
worldnews,2008-01-25,38292579,"A place for major news from around the world, excluding US-internal news.",False
dataisbeautiful,2012-02-14,20949325,"DataIsBeautiful is for visualizations that effectively convey information. 
 
 Aesthetics are an important part of information visualization, but pretty pictures are not the sole aim of this subreddit.",False
technology,2008-01-25,16707501,Subreddit dedicated to the news and discussions about the creation and use of technology and its surrounding issues.,False
politics,2007-08-06,8549212,/r/Politics is for news and discussion about U.S. politics.,False
europe,2008-01-25,6876264,"Europe: 50 (+6) countries, 230 languages, 746M people… 1 subreddit.",False
MapPorn,2011-05-21,4228965,High quality images of maps.,False
unitedkingdom,2008-04-02,3404699,"For the United Kingdom of Great Britain (England, Scotland, Wales) and Northern Ireland; News, Politics, Economics, Society, Business, Culture, discussion and anything else UK related.",False
conspiracy,2008-01-25,2116763,"This is a forum for free thinking and for discussing issues which have captured your imagination. Please respect other views and opinions, and keep an open mind. Our goal is to create a fairer and more transparent world for a better future.",False
AskEurope,2012-06-15,1452182,Ask Europeans questions about their countries!,False
Conservative,2008-01-25,1097254,"The largest conservative subreddit.
https://discord.gg/conservative",False
ireland,2008-03-03,934683,"Céad míle fáilte! An all-island subreddit for discussion of Irish news, politics, culture, history and society.",False
poland,2008-07-29,873440,"The official English language subreddit for Poland and Polish news. Questions get answered, recommendations get recommended, and - you know - things get done.",False
germany,2008-05-27,849277,English-language discussions related to Germany.,False
PropagandaPosters,2010-03-23,618644,"A subreddit for propaganda collectors, enthusiasts, or all who are fascinated by propaganda as an insight into history, sociology, perspective, and manipulation through art and other mediums",False
anime_titties,2020-05-07,505673,"World Politics and News

https://discord.gg/dhMeAnNyzG
https://lemmy.world/c/anime_titties",False
ukpolitics,2008-03-08,492188,"Political news and debate concerning the United Kingdom.

Rules detailed here: https://www.reddit.com/r/ukpolitics/wiki/rules",False
hungary,2009-06-08,487564,"Tartalom ami Magyarországgal, a magyar kultúrával kapcsolatos, illetve témák amik érdekesek lehetnek a tagok számára.",False
Scotland,2008-07-28,473986,"Scotland - all things Scotland, Scottish and Scot here.",False
socialism,2008-06-29,458026,"An international community for socialists, to discuss current events in our world from our anti-capitalist perspective(s). Certain knowledge of socialism is expected from participants. This is not a space for non-socialists. Please be mindful of our rules before participating, as they are actively enforced.

New to socialism? Please visit r/Socialism_101 prior to participating here.",False
Destiny,2008-10-27,242066,"Hub for all things Destiny (the streamer, not the game).",False
pakistan,2008-01-26,226176,The Front Page of Pakistani Reddit!,False
2westerneurope4u,2022-04-09,225269,"Ironic ultranationalistic memes about Western European countries (Netherlands, Luxembourg, Germany, France, Italy, Spain, Portugal, Greece, UK, Ireland, Denmark (incl. Greenland), Norway, Sweden, Finland, Iceland, Switzerland, Austria, Flanders & Wallonia) 

You will learn more about European culture here than anywhere else on Reddit.",False
CanadaPolitics,2010-09-25,223467,Polite discussions about Canadian politics.,False
YUROP,2013-03-03,174996,"YUROP is a shrine to the awesomeness of the continent, islands, regions, member and non-member states of Her Greatest Europa, the progressive Union of Peace, home of the freest health care, the finest food and the diversest and liberalest of them all.",False
neoliberal,2011-04-14,168615,"Trains, free trade, and open borders; 

trans rights and taco trucks on every corner.

Please read the sidebar for more information.",False
bristol,2009-08-17,152750,Bristol UK,False
AskBalkans,2019-03-05,140509,"Questions about the Balkan states answered! 

New users check out our Wiki or FAQ page, get to know our community and it's rules.",False
EnoughTrumpSpam,2015-09-07,99111,Because the amount of Trump spam is *too damn high!* Enough Трамп Spam,False
AntiTrumpAlliance,2017-01-02,68659,"An alliance among all who oppose convicted felon Donald Trump's actions, positions, cabinet, supporters, policies, or motives. This alliance includes anyone from the left or the right; anyone from any religion or lack thereof; anyone from any country or state; any man, woman or child.",False
LabourUK,2014-02-13,66317,"A subreddit for breaking news and discussion concerning the British Labour Party, the broader Labour movement in the UK, and UK politics.

The Labour Party is a democratic socialist party led by Keir Starmer, elected leader in 2020. It is the largest party in the UK with around 400,000 members, with a significant presence in the Scottish Parliament and the Senedd.

If you're a Liberal Democrat, a Green or even a Conservative, you'll find us a worthwhile community to follow.",False
europes,2015-09-05,57881,"A respectful, cozier space for discussion of and about European issues. Tolerance and civility is the standard we strive for.",False
brexit,2014-09-19,56004,"A place to debate and discuss the UK's exit from the European Union. Please debate general UK topics (non-brexit related) elsewhere, such as r/ukpolitics",False
interactivebrokers,2014-08-27,52780,"Unaffiliated subreddit of Interactive Brokers, a popular multinational brokerage firm. It is often best known for its trader workstation, API's, and low margins. It operates the largest electronic trading platform in the U.S. by number of daily average revenue trades. The company brokers stocks, options, futures, EFPs, futures options, forex, bonds, and funds.",False
armenia,2008-11-02,51183,"There is a good sense of community here. It is a place for civil, open-minded and constructive dialogue related to quality links or text posts on topics of interest connected to Armenia. Everyone is welcome to participate.

Please remember that this is a sub dedicated to the country of Armenia. Posts containing news or issues related to the diaspora should go on r/Armenian instead.",False
cyprus,2009-05-17,42135,"Welcome to Cyprus, the jewel of the Mediterranean sea.",False
europeanunion,2012-02-20,41691,The EU's news & official content in one place.,False
Luxembourg,2010-07-25,39523,"Official Subreddit for the Grand Duchy of Luxembourg. Keep it chique, speak your mind and welcome your friends to join the conversation!",False
EuropeanFederalists,2013-12-14,22616,A multilingual subreddit for those who are dedicated to the establishment of a democratic and federal European Union.,False
EUnews,2009-03-31,20641,"News and discussion about the EU, EU territories, members of the Council of Europe or other European nations",False
irishpolitics,2011-04-25,19665,r/irishpolitics is a forum dedicated to discussion of Politics in Ireland.,False
imaginaryelections,2018-01-07,16495,A place to share imaginary elections,False
europeanparliament,2014-10-21,16438,"Follow the news from the European Parliament. Managed by the Parliament's web team. To learn more about what the European Parliament is doing, visit www.europarl.europa.eu/topics/en",False
centerleftpolitics,2017-09-17,13247,A place for moderately left leaning people to discuss and share ideas about global politics and world news.,False
tories,2011-05-07,13082,This is a subreddit for British conservatives to talk about the UK Conservative and Unionist party as well as conservatism more generally.,False
the_schulz,2016-11-24,11749,[Closed for good.](https://www.youtube.com/watch?v=yctDMFMlvHE),False
LibDem,2009-04-15,10236,"Welcome to the unofficial Liberal Democrat subreddit. This is a subreddit for the UK Liberal Democrats Party.

Please feel free to discuss all topics related to the Lib Dems. Please read the rules before you post. Feel free to visit us on our discord at: https://discord.gg/NxYEpGe9He",False
eu,2006-02-22,6600," For in-depth discussion and analysis of policies and events pertaining to the European Union - EU - Europe.




 

 ",False
VoltEuropa,2018-06-27,5797,"We believe in a united Europe that values its citizens and residents, who are able to fulfill their unique potential and continuously strive to achieve together the highest standards of human, social, environmental, and technical development.",False
YAPms,2019-07-21,5583,"The place to share political maps and join the community. We make memes more than we predict elections to be honest. It's a very serious addiction. We're looking to expand for more bipartisan representation.


“The Election Mafia” -Red Eagle Politics",False
eulaw,2014-04-13,5295,Subreddit for discussion of European Union law and related topics.,False
EuropeanArmy,2018-11-23,4886,"A multilingual place for anything related to current European national armies, navies, coast guards, police and air forces as well as a future European Army.",False
MHOC,2014-05-28,4497,Vote. Debate. Legislate.,False
Disinfo,2009-07-19,3529,"Committed to tracking and analyzing disinformation, active measures, propaganda and conspiracy movements.",False
ukipparty,2012-11-18,3506,This sub reddit is a UKIP forum for supporters or anyone from any end of the political spectrum that wants to know more about the real UKIP and get all the latest news. ,False
UnitedKingdomPolitics,2018-01-06,2712,"Political articles and debate concerning the United Kingdom.

Robust debate is encouraged, and political views from a wide spectrum are tolerated here. No particular political opinion is favored here and contributions are judged by quality rather than perspective.

This subreddit opts-out of r/All.",False
NordicUnion,2011-07-30,2203,"This Subreddit represents the wish for a union between all autonomous Nordic countries under one Nordic parliament that would only have strict enumerated powers in the Nordic constitution.

A Nordic Union would most likely be accepted by most of the world's countries and population because the Scandinavian subcontinent has almost always been referred to as a collaboration between the nordic states.",False
colchester,2011-08-06,1983,"The Reddit home of Colchester, Essex, UK",False
Article13,2018-06-13,1465,A subreddit for discussion of Article 13 of the *Proposal for a Directive of the European Parliament and of the Council on copyright in the Digital Single Market* and how we can protest it.,False
acteuropa,2016-12-04,1435,"ActEuropa is a movement fighting for a strong and sovereign Europe in an uncertain world.
",False
Gotterfunken,2018-10-19,1427,"Götterfunken Federal Council, a European Reddit mods multilingual community.",False
EuropeanPeoples,2016-05-18,867,"Celebrating Europe, and all those people who make it their home",False
Delete_The_Donald,2016-08-18,622,"This sub is dedicated to compiling evidence that /r/The_Donald is consistently breaking the Reddit content policies and Reddiquette.

/r/European was quarantined due to its hateful core message and its repeated offenses against Reddit rule. 
.",False
TwoPresidents,2018-04-17,492,A sub calling for the governments of the world to adopt dual executive leadership.,False
Crimea,2014-03-01,431,,False
ModelNZParliament,2017-09-30,397,We are a community of political enthusiasts who have come together to debate and legislate in the setting of the NZ Parliament!,False
JonathanPie,2018-11-04,312,"Jonathan Pie is the comedy sensation who satirises the world of politics and the media.  A frustrated news reporter known for venting his spleen in unguarded “off-camera” rants.
",False
UKPoliticsAMA,2011-05-21,261,"/r/UKpoliticsAMA is a directory of AMAs(“Ask me Anything”) from elected officials (MPs, Local Cllrs, Devolved representatives) campaigners, journalists and so on who are based in the UK.

We used to host our own, but found it much more suitable to direct to where these AMAs are happening in the bigger subs!",False
modelparliament,2015-04-13,249,"~~Reddit Model Parliament of Australia (Old)~~

Archived.",False
MartinOMalley,2013-09-21,226,A subreddit dedicated to the American politician and social leader Martin O'Malley (D).,False
ModelAustralia,2015-07-07,207,Reddit's Model Australian Political Simulation! ,False
EYP,2013-03-20,203,This is a subreddit for anyone involved or interested in the European Youth Parliament (EYP) to submit and discuss anything and everything to do with EYP.,False
TeenagerCity,2019-06-13,117,A subreddit where an actual government of teenagers exists,False
worldliberalism,2016-03-10,115,"An international subreddit for discussion of liberal politics, philosophy, and news from a liberal perspective.",False
ModelNZMP,2018-07-23,92,,False
CDU_CSU,2015-09-10,84,"Als Union oder Unionsparteien werden in Deutschland die beiden Schwesterparteien CDU und CSU bezeichnet. Im Deutschen Bundestag bilden sie eine gemeinsame Fraktion, die CDU/CSU-Bundestagsfraktion.
Ihre Jugendorganisation ist die Junge Union (JU).",False
Tigerstaden,2012-12-02,84,"Official subreddit of Tigerstaden - town located in -,+ sector on the Civcraft server.",False
meumeta,2016-02-04,64,"The meta matters of the Model European Union, part of the Model World",False
ModelAustraliaHR,2016-01-07,51,The House of Representatives chamber for the Model Parliament of Australia at /r/ModelAustralia,False
MNZByElection,2018-01-15,28,,False
TheWorkersPartyGB,2024-05-02,24,"The official page for the Workers Party of Britain. The Workers Party of Britain, also called the Workers Party of Great Britain or Workers Party GB, is a socialist political party in the United Kingdom, formed in December 2019 and led by George Galloway, the Member of Parliament for Rochdale since a 2024 by-election.",False
MNZElection12,2019-12-27,17,The campaign for the 12th General Election to the Model New Zealand Parliament.,False
